{
  "raw": {
    "16": {
      "mean": 0.18087797670035435,
      "std": 0.001681459692522314,
      "n": 5
    },
    "32": {
      "mean": 0.1057667943647338,
      "std": 0.00025814227164756907,
      "n": 5
    },
    "64": {
      "mean": 0.10289083592928705,
      "std": 0.00013987995424461278,
      "n": 5
    },
    "96": {
      "mean": 0.08202107319154187,
      "std": 8.765930364960863e-05,
      "n": 5
    },
    "128": {
      "mean": 0.07033405554265851,
      "std": 7.254023553030027e-05,
      "n": 5
    }
  },
  "fits": {
    "power_law": {
      "M_inf": 0.073253,
      "M_inf_err": 0.01776,
      "a": 5.33064,
      "b": 1.411558,
      "residuals": [
        0.001188,
        -0.007496,
        0.014598,
        0.000283,
        -0.008572
      ]
    },
    "inv_N": {
      "M_inf": 0.060936,
      "M_inf_err": 0.008172,
      "c": 1.858947,
      "residuals": [
        0.003758,
        -0.013262,
        0.012909,
        0.001721,
        -0.005125
      ]
    }
  },
  "M_inf": 0.067095,
  "M_inf_err": 0.013824
}