{
  "gate_1_finite_size": {
    "raw": {
      "16": {
        "mean": 0.18087797670035435,
        "std": 0.001681459692522314,
        "n": 5
      },
      "32": {
        "mean": 0.1057667943647338,
        "std": 0.00025814227164756907,
        "n": 5
      },
      "64": {
        "mean": 0.10289083592928705,
        "std": 0.00013987995424461278,
        "n": 5
      },
      "96": {
        "mean": 0.08202107319154187,
        "std": 8.765930364960863e-05,
        "n": 5
      },
      "128": {
        "mean": 0.07033405554265851,
        "std": 7.254023553030027e-05,
        "n": 5
      }
    },
    "fits": {
      "power_law": {
        "M_inf": 0.073253,
        "M_inf_err": 0.01776,
        "a": 5.33064,
        "b": 1.411558,
        "residuals": [
          0.001188,
          -0.007496,
          0.014598,
          0.000283,
          -0.008572
        ]
      },
      "inv_N": {
        "M_inf": 0.060936,
        "M_inf_err": 0.008172,
        "c": 1.858947,
        "residuals": [
          0.003758,
          -0.013262,
          0.012909,
          0.001721,
          -0.005125
        ]
      }
    },
    "M_inf": 0.067095,
    "M_inf_err": 0.013824
  },
  "gate_2_plateau": {
    "n_valid": 400,
    "M_mean": 0.110609,
    "M_std": 0.007259,
    "M_cv_percent": 6.56,
    "M_min": 0.101946,
    "M_max": 0.127865,
    "plateau_fraction_10pct": 0.9,
    "alphas": [
      0.05,
      0.06,
      0.07,
      0.08,
      0.09,
      0.1,
      0.11,
      0.12,
      0.13,
      0.14,
      0.15,
      0.16,
      0.17,
      0.18,
      0.19,
      0.2,
      0.21,
      0.22,
      0.23,
      0.24
    ],
    "thresholds": [
      0.15,
      0.1895,
      0.2289,
      0.2684,
      0.3079,
      0.3474,
      0.3868,
      0.4263,
      0.4658,
      0.5053,
      0.5447,
      0.5842,
      0.6237,
      0.6632,
      0.7026,
      0.7421,
      0.7816,
      0.8211,
      0.8605,
      0.9
    ]
  },
  "gate_3_temporal": {
    "seeds": {
      "42": {
        "knee_step": 44,
        "morph_mean": 0.088302,
        "morph_std": 0.01782,
        "morph_cv": 20.18,
        "steady_mean": 0.033124,
        "steady_std": 0.014271,
        "M_values": [
          0.105808,
          0.106642,
          0.106926,
          0.106939,
          0.106837,
          0.106695,
          0.106607,
          0.106641,
          0.106582,
          0.10637,
          0.106194,
          0.106142,
          0.105937,
          0.105532,
          0.105026,
          0.10412,
          0.102618,
          0.100779,
          0.098839,
          0.096968,
          0.095051,
          0.09322,
          0.091414,
          0.089623,
          0.087844,
          0.086075,
          0.084299,
          0.082533,
          0.080828,
          0.078951,
          0.077175,
          0.075429,
          0.073688,
          0.072034,
          0.070155,
          0.068347,
          0.066436,
          0.064613,
          0.062807,
          0.061,
          0.059183,
          0.057351,
          0.055438,
          0.053608,
          0.051312,
          0.049244,
          0.048438,
          0.048269,
          0.043877,
          0.041462,
          0.039041,
          0.036469,
          0.033937,
          0.03133,
          0.029348,
          0.025474,
          0.021776,
          0.01763,
          0.012383,
          0.0
        ]
      },
      "7": {
        "knee_step": 44,
        "morph_mean": 0.088172,
        "morph_std": 0.017814,
        "morph_cv": 20.2,
        "steady_mean": 0.035253,
        "steady_std": 0.013014,
        "M_values": [
          0.105625,
          0.106446,
          0.106833,
          0.106903,
          0.106816,
          0.106703,
          0.106629,
          0.106632,
          0.10656,
          0.10637,
          0.106205,
          0.106102,
          0.105877,
          0.105445,
          0.104841,
          0.103823,
          0.102282,
          0.100405,
          0.098613,
          0.096871,
          0.094982,
          0.093134,
          0.091308,
          0.089498,
          0.087701,
          0.08585,
          0.084038,
          0.082431,
          0.080638,
          0.078831,
          0.076887,
          0.075089,
          0.073346,
          0.071504,
          0.069721,
          0.06795,
          0.066181,
          0.064409,
          0.062874,
          0.061029,
          0.059208,
          0.057382,
          0.055542,
          0.054046,
          0.052065,
          0.050123,
          0.04817,
          0.046193,
          0.044179,
          0.042115,
          0.040013,
          0.040134,
          0.036364,
          0.03355,
          0.031444,
          0.028446,
          0.02831,
          0.023729,
          0.019205,
          0.0
        ]
      },
      "123": {
        "knee_step": 43,
        "morph_mean": 0.088816,
        "morph_std": 0.017263,
        "morph_cv": 19.44,
        "steady_mean": 0.034433,
        "steady_std": 0.014331,
        "M_values": [
          0.105543,
          0.106353,
          0.10678,
          0.106872,
          0.106806,
          0.106697,
          0.106641,
          0.106673,
          0.106594,
          0.106379,
          0.10621,
          0.106154,
          0.105871,
          0.105431,
          0.104847,
          0.10372,
          0.101961,
          0.100034,
          0.09813,
          0.096248,
          0.094465,
          0.092713,
          0.091026,
          0.089176,
          0.087503,
          0.08568,
          0.083881,
          0.082095,
          0.080317,
          0.078545,
          0.076777,
          0.075011,
          0.073246,
          0.071577,
          0.069781,
          0.067997,
          0.06621,
          0.064416,
          0.062612,
          0.060795,
          0.058962,
          0.057111,
          0.055239,
          0.053324,
          0.051339,
          0.049354,
          0.047338,
          0.045281,
          0.043173,
          0.041005,
          0.03951,
          0.040105,
          0.035283,
          0.031735,
          0.028581,
          0.025392,
          0.02201,
          0.018978,
          0.012945,
          0.0
        ]
      },
      "0": {
        "knee_step": 44,
        "morph_mean": 0.088234,
        "morph_std": 0.01774,
        "morph_cv": 20.11,
        "steady_mean": 0.035311,
        "steady_std": 0.01226,
        "M_values": [
          0.105612,
          0.106442,
          0.106818,
          0.106893,
          0.106833,
          0.106692,
          0.106592,
          0.106583,
          0.106547,
          0.106314,
          0.106186,
          0.106087,
          0.105879,
          0.105405,
          0.104929,
          0.103972,
          0.102398,
          0.100469,
          0.098564,
          0.096734,
          0.094941,
          0.093085,
          0.091238,
          0.089416,
          0.08761,
          0.085815,
          0.084031,
          0.082348,
          0.080558,
          0.078966,
          0.077165,
          0.075393,
          0.073629,
          0.071867,
          0.070104,
          0.068363,
          0.066533,
          0.064734,
          0.062935,
          0.061753,
          0.059398,
          0.057517,
          0.05547,
          0.053479,
          0.051532,
          0.049576,
          0.047599,
          0.045592,
          0.043549,
          0.041465,
          0.039336,
          0.037859,
          0.036168,
          0.03342,
          0.03096,
          0.028637,
          0.026588,
          0.025401,
          0.027299,
          0.0
        ]
      },
      "99": {
        "knee_step": 44,
        "morph_mean": 0.088368,
        "morph_std": 0.017841,
        "morph_cv": 20.19,
        "steady_mean": 0.033397,
        "steady_std": 0.014261,